,Pclass,Age,SibSp,Parch,Fare,Cabin_Known
Pclass,1.0,-0.4162611541457223,0.08308136284568686,0.018442671310748508,-0.5494996199439076,-0.725541241828957
Age,-0.4162611541457223,1.0,-0.27035616360150555,-0.18467320772344828,0.1221787114069242,0.2767852767656381
SibSp,0.08308136284568686,-0.27035616360150555,1.0,0.41483769862015624,0.159651043242161,-0.04046001036349774
Parch,0.018442671310748508,-0.18467320772344828,0.41483769862015624,1.0,0.21622494477076448,0.036987034298118136
Fare,-0.5494996199439076,0.1221787114069242,0.159651043242161,0.21622494477076448,1.0,0.4820753524525633
Cabin_Known,-0.725541241828957,0.2767852767656381,-0.04046001036349774,0.036987034298118136,0.4820753524525633,1.0
