,Pclass,Age,SibSp,Parch,Fare,Cabin_Known
count,891.0,891.0,891.0,891.0,891.0,891.0
mean,2.308641975308642,29.146655443322107,0.5230078563411896,0.38159371492704824,32.204207968574636,0.22895622895622897
std,0.836071240977049,13.49942574863631,1.1027434322934317,0.8060572211299483,49.6934285971809,0.420396989069881
min,1.0,0.42,0.0,0.0,0.0,0.0
25%,2.0,21.0,0.0,0.0,7.9104,0.0
50%,3.0,26.0,0.0,0.0,14.4542,0.0
75%,3.0,36.75,1.0,0.0,31.0,0.0
max,3.0,80.0,8.0,6.0,512.3292,1.0
